<?xml version="1.0" encoding="UTF-8"?>
<root>
  <filme>
    <codigo>F0000</codigo>
    <titulo>Template, o Filme</titulo>
    <descricao>Este é o primeiro registro, serve como Template para os demais [é gerado automaticamente ao criar uma nova tabela]</descricao>
    <genero>Aventura</genero>
    <ano>2007</ano>
    <avaliacao>(sem avaliação)</avaliacao>
    <diretor>(sem informações de diretor)</diretor>
    <elenco>(sem informações de elenco)</elenco>
    <reg_date>1993-05-31 23:59:59</reg_date>
  </filme>
  <filme>
    <codigo>F0001</codigo>
    <titulo>Teste, o Filme parte 1</titulo>
    <descricao>Teste de Inserção por Parâmetro.</descricao>
    <genero>Ação</genero>
    <ano>1993</ano>
    <avaliacao>5</avaliacao>
    <diretor>Armando Torres</diretor>
    <elenco>Antonio Banderas e Gessica Alba</elenco>
    <reg_date>2018-08-04 00:29:11</reg_date>
  </filme>
  <filme>
    <codigo>F0002</codigo>
    <titulo>Teste, o Filme parte 2</titulo>
    <descricao>Teste de Inserção por Parâmetro.</descricao>
    <genero>Suspense</genero>
    <ano>1994</ano>
    <avaliacao>(sem avaliação)</avaliacao>
    <diretor>Armando Barracas</diretor>
    <elenco>(sem informações de elenco)</elenco>
    <reg_date>2018-08-04 00:29:11</reg_date>
  </filme>
  <filme>
    <codigo>F0003</codigo>
    <titulo>Teste, o Filme parte 3</titulo>
    <descricao>Teste de Inserção por Parâmetro.</descricao>
    <genero>Romance</genero>
    <ano>1995</ano>
    <avaliacao>3.7</avaliacao>
    <diretor>Armando Tendas</diretor>
    <elenco>Marlon Brando</elenco>
    <reg_date>2018-08-04 00:29:11</reg_date>
  </filme>
  <filme>
    <codigo>F0004</codigo>
    <titulo>Teste, o Filme parte 4</titulo>
    <descricao>Teste de Inserção por Parâmetro.</descricao>
    <genero>Épico</genero>
    <ano>1996</ano>
    <avaliacao>1.7</avaliacao>
    <diretor>Armando Pessoa</diretor>
    <elenco>Angelina Jolie</elenco>
    <reg_date>2018-08-04 00:29:11</reg_date>
  </filme>
  <filme>
    <codigo>F0005</codigo>
    <titulo>Teste, o Filme parte 5</titulo>
    <descricao>Teste de Inserção por Parâmetro.</descricao>
    <genero>Comédia</genero>
    <ano>1997</ano>
    <avaliacao>5</avaliacao>
    <diretor>Arlindo</diretor>
    <elenco>(sem informações de elenco)</elenco>
    <reg_date>2018-08-04 00:29:11</reg_date>
  </filme>
</root>
